1 16 850 0 0 0 0 0 0 0 0 0 200 0 0 0 0 0 0 0 0 0 27 -1 -1 -1 -1 -1 -1 -1 -1 -1 -1 64 4 1 8 -1 -1 -1 1 1 1 0 -1 -1 -1 -1 -1 -1 -1 -1 -1 1 0 -1 64 10 1 8 -1 -1 -1 -1 -1 1 8 -1 -1 -1 -1 -1 -1 200 0 0 0 0 0 0 0 0 0 491 2252 723	v1.0-uslims3_Aalto-2
1 16 850 0 0 0 0 0 0 0 0 0 200 0 0 0 0 0 0 0 0 0 27 -1 -1 -1 -1 -1 -1 -1 -1 -1 -1 64 4 1 8 -1 -1 -1 1 1 10 0.03 -1 -1 -1 -1 -1 -1 -1 -1 -1 1 1 -1 64 10 1 8 -1 -1 -1 -1 -1 1 8 -1 -1 -1 -1 -1 -1 200 0 0 0 0 0 0 0 0 0 4437 2591 4554	v1.0-uslims3_Aalto-4
1 16 850 0 0 0 0 0 0 0 0 0 200 0 0 0 0 0 0 0 0 0 27 -1 -1 -1 -1 -1 -1 -1 -1 -1 -1 64 4 1 8 -1 -1 -1 1 1 7 0.03 -1 -1 -1 -1 -1 -1 -1 -1 -1 1 1 -1 64 10 1 8 -1 -1 -1 -1 -1 1 8 -1 -1 -1 -1 -1 -1 200 0 0 0 0 0 0 0 0 0 3771 2427 3778	v1.0-uslims3_Aalto-15
1 16 787 0 0 0 0 0 0 0 0 0 200 0 0 0 0 0 0 0 0 0 27 -1 -1 -1 -1 -1 -1 -1 -1 -1 -1 64 4 1 8 -1 -1 -1 1 1 1 0 -1 -1 -1 -1 -1 -1 -1 -1 -1 1 0 -1 64 10 1 8 -1 -1 -1 -1 -1 1 8 -1 -1 -1 -1 -1 -1 200 0 0 0 0 0 0 0 0 0 542 2242 687	v1.0-uslims3_Aalto-19
1 16 850 0 0 0 0 0 0 0 0 0 200 0 0 0 0 0 0 0 0 0 27 -1 -1 -1 -1 -1 -1 -1 -1 -1 -1 64 4 1 8 -1 -1 -1 10 1 1 0 -1 -1 -1 -1 -1 -1 -1 -1 -1 1 1 -1 64 10 1 8 -1 -1 -1 -1 -1 1 8 -1 -1 -1 -1 -1 -1 200 0 0 0 0 0 0 0 0 0 3793 2749 3802	v1.0-uslims3_Aalto-23
1 16 787 0 0 0 0 0 0 0 0 0 200 0 0 0 0 0 0 0 0 0 27 -1 -1 -1 -1 -1 -1 -1 -1 -1 -1 64 4 1 8 -1 -1 -1 1 1 10 0.03 -1 -1 -1 -1 -1 -1 -1 -1 -1 1 1 -1 64 10 1 8 -1 -1 -1 -1 -1 1 8 -1 -1 -1 -1 -1 -1 200 0 0 0 0 0 0 0 0 0 5014 2641 5020	v1.0-uslims3_Aalto-24
1 16 787 0 0 0 0 0 0 0 0 0 200 0 0 0 0 0 0 0 0 0 27 -1 -1 -1 -1 -1 -1 -1 -1 -1 -1 64 4 1 8 -1 -1 -1 10 1 1 0 -1 -1 -1 -1 -1 -1 -1 -1 -1 1 1 -1 64 10 1 8 -1 -1 -1 -1 -1 1 8 -1 -1 -1 -1 -1 -1 200 0 0 0 0 0 0 0 0 0 3465 2718 3471	v1.0-uslims3_Aalto-25
3 16 787 0 0 0 0 0 0 0 0 0 200 0 0 0 0 0 0 0 0 0 27 vbar 0 s ff0 1.0E-5 50 -1 -1 1 2 -1 -1 -1 -1 100 -1 100 -1 1 -1 -1 3 0 50 20 20 20 4 200 0.05 1 -1 100 -1 -1 -1 -1 0 -1 -1 -1 -1 -1 -1 -1 -1 -1 -1 -1 -1 200 0 0 0 0 0 0 0 0 0 33638 787 33658	v1.0-uslims3_Aalto-26
1 16 1046 0 0 0 0 0 0 0 0 0 40 0 0 0 0 0 0 0 0 0 27 -1 -1 -1 -1 -1 -1 -1 -1 -1 -1 64 4 1 8 -1 -1 -1 10 1 1 0 -1 -1 -1 -1 -1 -1 -1 -1 -1 1 1 -1 64 10 1 8 -1 -1 -1 -1 -1 1 8 -1 -1 -1 -1 -1 -1 200 0 0 0 0 0 0 0 0 0 1067 1179 2194	v1.0-uslims3_Aalto-28
1 16 1046 0 0 0 0 0 0 0 0 0 40 0 0 0 0 0 0 0 0 0 27 -1 -1 -1 -1 -1 -1 -1 -1 -1 -1 64 4 1 8 -1 -1 -1 1 100 1 0 -1 -1 -1 -1 -1 -1 -1 -1 -1 1 0 -1 64 10 1 8 -1 -1 -1 -1 -1 0 8 -1 -1 -1 -1 -1 -1 200 0 0 0 0 0 0 0 0 0 2098 1264 2102	v1.0-uslims3_Aalto-29
1 16 1046 0 0 0 0 0 0 0 0 0 40 0 0 0 0 0 0 0 0 0 27 -1 -1 -1 -1 -1 -1 -1 -1 -1 -1 64 4 1 8 -1 -1 -1 1 100 1 0 -1 -1 -1 -1 -1 -1 -1 -1 -1 1 0 -1 64 10 1 8 -1 -1 -1 -1 -1 0 8 -1 -1 -1 -1 -1 -1 200 0 0 0 0 0 0 0 0 0 396 1251 781	v1.0-uslims3_Aalto-30
1 16 496 0 0 0 0 0 0 0 0 0 599 0 0 0 0 0 0 0 0 0 27 -1 -1 -1 -1 -1 -1 -1 -1 -1 -1 64 4 1 8 -1 -1 -1 1 1 1 0 -1 -1 -1 -1 -1 -1 -1 -1 -1 1 0 -1 64 2 0.101 8 -1 -1 -1 -1 -1 1 8 -1 -1 -1 -1 -1 -1 200 0 0 0 0 0 0 0 0 0 51 3409 223	v1.0-uslims3_Aalto-31
1 16 488 0 0 0 0 0 0 0 0 0 599 0 0 0 0 0 0 0 0 0 27 -1 -1 -1 -1 -1 -1 -1 -1 -1 -1 64 4 1 8 -1 -1 -1 1 1 1 0 -1 -1 -1 -1 -1 -1 -1 -1 -1 1 0 -1 64 2 0.101 8 -1 -1 -1 -1 -1 1 8 -1 -1 -1 -1 -1 -1 200 0 0 0 0 0 0 0 0 0 52 3452 352	v1.0-uslims3_Aalto-32
1 16 489 0 0 0 0 0 0 0 0 0 599 0 0 0 0 0 0 0 0 0 27 -1 -1 -1 -1 -1 -1 -1 -1 -1 -1 64 4 1 8 -1 -1 -1 1 1 1 0 -1 -1 -1 -1 -1 -1 -1 -1 -1 1 0 -1 64 2 0.101 8 -1 -1 -1 -1 -1 1 8 -1 -1 -1 -1 -1 -1 200 0 0 0 0 0 0 0 0 0 45 3456 345	v1.0-uslims3_Aalto-33
1 16 480 0 0 0 0 0 0 0 0 0 599 0 0 0 0 0 0 0 0 0 27 -1 -1 -1 -1 -1 -1 -1 -1 -1 -1 64 4 1 8 -1 -1 -1 1 1 1 0 -1 -1 -1 -1 -1 -1 -1 -1 -1 1 0 -1 64 2 0.101 8 -1 -1 -1 -1 -1 1 8 -1 -1 -1 -1 -1 -1 200 0 0 0 0 0 0 0 0 0 37 3284 335	v1.0-uslims3_Aalto-34
1 16 485 0 0 0 0 0 0 0 0 0 599 0 0 0 0 0 0 0 0 0 27 -1 -1 -1 -1 -1 -1 -1 -1 -1 -1 64 4 1 8 -1 -1 -1 1 1 1 0 -1 -1 -1 -1 -1 -1 -1 -1 -1 1 0 -1 64 2 0.101 8 -1 -1 -1 -1 -1 1 8 -1 -1 -1 -1 -1 -1 200 0 0 0 0 0 0 0 0 0 42 3434 339	v1.0-uslims3_Aalto-35
1 16 484 0 0 0 0 0 0 0 0 0 398 0 0 0 0 0 0 0 0 0 27 -1 -1 -1 -1 -1 -1 -1 -1 -1 -1 64 4 1 8 -1 -1 -1 1 1 1 0 -1 -1 -1 -1 -1 -1 -1 -1 -1 1 0 -1 64 2 0.101 8 -1 -1 -1 -1 -1 1 8 -1 -1 -1 -1 -1 -1 200 0 0 0 0 0 0 0 0 0 20 2372 318	v1.0-uslims3_Aalto-36
1 16 496 0 0 0 0 0 0 0 0 0 599 0 0 0 0 0 0 0 0 0 27 -1 -1 -1 -1 -1 -1 -1 -1 -1 -1 64 4 1 8 -1 -1 -1 1 1 10 0.03 -1 -1 -1 -1 -1 -1 -1 -1 -1 1 1 -1 64 2 0.101 8 -1 -1 -1 -1 -1 1 8 -1 -1 -1 -1 -1 -1 200 0 0 0 0 0 0 0 0 0 448 3885 539	v1.0-uslims3_Aalto-37
1 16 488 0 0 0 0 0 0 0 0 0 599 0 0 0 0 0 0 0 0 0 27 -1 -1 -1 -1 -1 -1 -1 -1 -1 -1 64 4 1 8 -1 -1 -1 1 1 10 0.03 -1 -1 -1 -1 -1 -1 -1 -1 -1 1 1 -1 64 2 0.101 8 -1 -1 -1 -1 -1 1 8 -1 -1 -1 -1 -1 -1 200 0 0 0 0 0 0 0 0 0 435 3707 525	v1.0-uslims3_Aalto-38
1 16 489 0 0 0 0 0 0 0 0 0 599 0 0 0 0 0 0 0 0 0 27 -1 -1 -1 -1 -1 -1 -1 -1 -1 -1 64 4 1 8 -1 -1 -1 1 1 10 0.03 -1 -1 -1 -1 -1 -1 -1 -1 -1 1 1 -1 64 2 0.101 8 -1 -1 -1 -1 -1 1 8 -1 -1 -1 -1 -1 -1 200 0 0 0 0 0 0 0 0 0 352 3844 440	v1.0-uslims3_Aalto-39
1 16 480 0 0 0 0 0 0 0 0 0 599 0 0 0 0 0 0 0 0 0 27 -1 -1 -1 -1 -1 -1 -1 -1 -1 -1 64 4 1 8 -1 -1 -1 1 1 10 0.03 -1 -1 -1 -1 -1 -1 -1 -1 -1 1 1 -1 64 2 0.101 8 -1 -1 -1 -1 -1 1 8 -1 -1 -1 -1 -1 -1 200 0 0 0 0 0 0 0 0 0 353 3769 442	v1.0-uslims3_Aalto-40
1 16 485 0 0 0 0 0 0 0 0 0 599 0 0 0 0 0 0 0 0 0 27 -1 -1 -1 -1 -1 -1 -1 -1 -1 -1 64 4 1 8 -1 -1 -1 1 1 10 0.03 -1 -1 -1 -1 -1 -1 -1 -1 -1 1 1 -1 64 2 0.101 8 -1 -1 -1 -1 -1 1 8 -1 -1 -1 -1 -1 -1 200 0 0 0 0 0 0 0 0 0 352 3834 438	v1.0-uslims3_Aalto-41
1 16 484 0 0 0 0 0 0 0 0 0 398 0 0 0 0 0 0 0 0 0 27 -1 -1 -1 -1 -1 -1 -1 -1 -1 -1 64 4 1 8 -1 -1 -1 1 1 10 0.03 -1 -1 -1 -1 -1 -1 -1 -1 -1 1 1 -1 64 2 0.101 8 -1 -1 -1 -1 -1 1 8 -1 -1 -1 -1 -1 -1 200 0 0 0 0 0 0 0 0 0 261 2489 467	v1.0-uslims3_Aalto-42
1 16 496 0 0 0 0 0 0 0 0 0 599 0 0 0 0 0 0 0 0 0 27 -1 -1 -1 -1 -1 -1 -1 -1 -1 -1 64 4 1 8 -1 -1 -1 10 1 1 0 -1 -1 -1 -1 -1 -1 -1 -1 -1 1 1 -1 64 2 0.101 8 -1 -1 -1 -1 -1 1 8 -1 -1 -1 -1 -1 -1 200 0 0 0 0 0 0 0 0 0 405 4301 443	v1.0-uslims3_Aalto-43
1 16 488 0 0 0 0 0 0 0 0 0 599 0 0 0 0 0 0 0 0 0 27 -1 -1 -1 -1 -1 -1 -1 -1 -1 -1 64 4 1 8 -1 -1 -1 10 1 1 0 -1 -1 -1 -1 -1 -1 -1 -1 -1 1 1 -1 64 2 0.101 8 -1 -1 -1 -1 -1 1 8 -1 -1 -1 -1 -1 -1 200 0 0 0 0 0 0 0 0 0 333 4125 370	v1.0-uslims3_Aalto-44
1 16 489 0 0 0 0 0 0 0 0 0 599 0 0 0 0 0 0 0 0 0 27 -1 -1 -1 -1 -1 -1 -1 -1 -1 -1 64 4 1 8 -1 -1 -1 10 1 1 0 -1 -1 -1 -1 -1 -1 -1 -1 -1 1 1 -1 64 2 0.101 8 -1 -1 -1 -1 -1 1 8 -1 -1 -1 -1 -1 -1 200 0 0 0 0 0 0 0 0 0 262 4154 297	v1.0-uslims3_Aalto-45
1 16 480 0 0 0 0 0 0 0 0 0 599 0 0 0 0 0 0 0 0 0 27 -1 -1 -1 -1 -1 -1 -1 -1 -1 -1 64 4 1 8 -1 -1 -1 10 1 1 0 -1 -1 -1 -1 -1 -1 -1 -1 -1 1 1 -1 64 2 0.101 8 -1 -1 -1 -1 -1 1 8 -1 -1 -1 -1 -1 -1 200 0 0 0 0 0 0 0 0 0 216 3930 251	v1.0-uslims3_Aalto-46
1 16 485 0 0 0 0 0 0 0 0 0 599 0 0 0 0 0 0 0 0 0 27 -1 -1 -1 -1 -1 -1 -1 -1 -1 -1 64 4 1 8 -1 -1 -1 10 1 1 0 -1 -1 -1 -1 -1 -1 -1 -1 -1 1 1 -1 64 2 0.101 8 -1 -1 -1 -1 -1 1 8 -1 -1 -1 -1 -1 -1 200 0 0 0 0 0 0 0 0 0 260 4134 294	v1.0-uslims3_Aalto-47
1 16 484 0 0 0 0 0 0 0 0 0 398 0 0 0 0 0 0 0 0 0 27 -1 -1 -1 -1 -1 -1 -1 -1 -1 -1 64 4 1 8 -1 -1 -1 10 1 1 0 -1 -1 -1 -1 -1 -1 -1 -1 -1 1 1 -1 64 2 0.101 8 -1 -1 -1 -1 -1 1 8 -1 -1 -1 -1 -1 -1 200 0 0 0 0 0 0 0 0 0 84 2587 118	v1.0-uslims3_Aalto-48
3 16 496 0 0 0 0 0 0 0 0 0 599 0 0 0 0 0 0 0 0 0 27 vbar 0 s ff0 1.0E-5 50 -1 -1 1 2 -1 -1 -1 -1 100 -1 100 -1 1 -1 -1 3 0 50 20 20 20 4 200 0.05 1 -1 100 -1 -1 -1 -1 0 -1 -1 -1 -1 -1 -1 -1 -1 -1 -1 -1 -1 200 0 0 0 0 0 0 0 0 0 3651 1099 3720	v1.0-uslims3_Aalto-49
3 16 488 0 0 0 0 0 0 0 0 0 599 0 0 0 0 0 0 0 0 0 27 vbar 0 s ff0 1.0E-5 50 -1 -1 1 2 -1 -1 -1 -1 100 -1 100 -1 1 -1 -1 3 0 50 20 20 20 4 200 0.05 1 -1 100 -1 -1 -1 -1 0 -1 -1 -1 -1 -1 -1 -1 -1 -1 -1 -1 -1 200 0 0 0 0 0 0 0 0 0 17280 1926 17335	v1.0-uslims3_Aalto-50
3 16 489 0 0 0 0 0 0 0 0 0 599 0 0 0 0 0 0 0 0 0 27 vbar 0 s ff0 1.0E-5 50 -1 -1 1 2 -1 -1 -1 -1 100 -1 100 -1 1 -1 -1 3 0 50 20 20 20 4 200 0.05 1 -1 100 -1 -1 -1 -1 0 -1 -1 -1 -1 -1 -1 -1 -1 -1 -1 -1 -1 200 0 0 0 0 0 0 0 0 0 14766 1429 15286	v1.0-uslims3_Aalto-51
3 16 485 0 0 0 0 0 0 0 0 0 599 0 0 0 0 0 0 0 0 0 27 vbar 0 s ff0 1.0E-5 50 -1 -1 1 2 -1 -1 -1 -1 100 -1 100 -1 1 -1 -1 3 0 50 20 20 20 4 200 0.05 1 -1 100 -1 -1 -1 -1 0 -1 -1 -1 -1 -1 -1 -1 -1 -1 -1 -1 -1 200 0 0 0 0 0 0 0 0 0 11596 1445 12097	v1.0-uslims3_Aalto-52
1 16 496 0 0 0 0 0 0 0 0 0 599 0 0 0 0 0 0 0 0 0 27 -1 -1 -1 -1 -1 -1 -1 -1 -1 -1 64 4 1 8 -1 -1 -1 1 80 1 0 -1 -1 -1 -1 -1 -1 -1 -1 -1 1 0 -1 64 2 0.101 8 -1 -1 -1 -1 -1 0 8 -1 -1 -1 -1 -1 -1 200 0 0 0 0 0 0 0 0 0 2880 4643 3133	v1.0-uslims3_Aalto-59
1 16 489 0 0 0 0 0 0 0 0 0 599 0 0 0 0 0 0 0 0 0 27 -1 -1 -1 -1 -1 -1 -1 -1 -1 -1 64 4 1 8 -1 -1 -1 1 80 1 0 -1 -1 -1 -1 -1 -1 -1 -1 -1 1 0 -1 64 2 0.101 8 -1 -1 -1 -1 -1 0 8 -1 -1 -1 -1 -1 -1 200 0 0 0 0 0 0 0 0 0 2717 4635 3271	v1.0-uslims3_Aalto-60
1 16 485 0 0 0 0 0 0 0 0 0 599 0 0 0 0 0 0 0 0 0 27 -1 -1 -1 -1 -1 -1 -1 -1 -1 -1 64 4 1 8 -1 -1 -1 1 80 1 0 -1 -1 -1 -1 -1 -1 -1 -1 -1 1 0 -1 64 2 0.101 8 -1 -1 -1 -1 -1 0 8 -1 -1 -1 -1 -1 -1 200 0 0 0 0 0 0 0 0 0 2902 4758 3597	v1.0-uslims3_Aalto-61
3 16 489 0 0 0 0 0 0 0 0 0 599 0 0 0 0 0 0 0 0 0 27 vbar 0 s ff0 1.0E-5 50 -1 -1 1 2 -1 -1 -1 -1 100 -1 100 -1 64 -1 -1 3 0 50 20 20 20 4 200 0.05 4 -1 100 -1 -1 -1 -1 0 -1 -1 -1 -1 -1 -1 -1 -1 -1 -1 -1 -1 200 0 0 0 0 0 0 0 0 0 43982 13579 43989	v1.0-uslims3_Aalto-64
1 16 787 0 0 0 0 0 0 0 0 0 200 0 0 0 0 0 0 0 0 0 27 -1 -1 -1 -1 -1 -1 -1 -1 -1 -1 64 4 1 8 -1 -1 -1 1 1 1 0 -1 -1 -1 -1 -1 -1 -1 -1 -1 1 0 -1 64 10 1 8 -1 -1 -1 -1 -1 1 8 -1 -1 -1 -1 -1 -1 200 0 0 0 0 0 0 0 0 0 21 2234 36	v1.0-uslims3_Aalto-65
1 16 787 0 0 0 0 0 0 0 0 0 200 0 0 0 0 0 0 0 0 0 27 -1 -1 -1 -1 -1 -1 -1 -1 -1 -1 64 4 1 8 -1 -1 -1 1 1 10 0.03 -1 -1 -1 -1 -1 -1 -1 -1 -1 1 1 -1 64 10 1 8 -1 -1 -1 -1 -1 1 8 -1 -1 -1 -1 -1 -1 200 0 0 0 0 0 0 0 0 0 183 2558 190	v1.0-uslims3_Aalto-66
1 16 787 0 0 0 0 0 0 0 0 0 200 0 0 0 0 0 0 0 0 0 27 -1 -1 -1 -1 -1 -1 -1 -1 -1 -1 64 4 1 8 -1 -1 -1 10 1 1 0 -1 -1 -1 -1 -1 -1 -1 -1 -1 1 1 -1 64 10 1 8 -1 -1 -1 -1 -1 1 8 -1 -1 -1 -1 -1 -1 200 0 0 0 0 0 0 0 0 0 94 2705 99	v1.0-uslims3_Aalto-67
3 16 787 0 0 0 0 0 0 0 0 0 200 0 0 0 0 0 0 0 0 0 27 vbar 0 s ff0 1.0E-5 50 -1 -1 1 2 -1 -1 -1 -1 100 -1 100 -1 1 -1 -1 3 0 50 20 20 20 4 200 0.05 1 -1 100 -1 -1 -1 -1 0 -1 -1 -1 -1 -1 -1 -1 -1 -1 -1 -1 -1 200 0 0 0 0 0 0 0 0 0 2937 750 2942	v1.0-uslims3_Aalto-68
3 16 787 0 0 0 0 0 0 0 0 0 200 0 0 0 0 0 0 0 0 0 27 vbar 0 s ff0 1.0E-5 50 -1 -1 1 2 -1 -1 -1 -1 100 -1 100 -1 64 -1 -1 3 0 50 20 20 20 4 200 0.05 4 -1 100 -1 -1 -1 -1 0 -1 -1 -1 -1 -1 -1 -1 -1 -1 -1 -1 -1 200 0 0 0 0 0 0 0 0 0 21418 9832 21424	v1.0-uslims3_Aalto-69
1 16 882 0 0 0 0 0 0 0 0 0 319 0 0 0 0 0 0 0 0 0 27 -1 -1 -1 -1 -1 -1 -1 -1 -1 -1 64 4 1 8 -1 -1 -1 1 1 1 0 -1 -1 -1 -1 -1 -1 -1 -1 -1 1 0 -1 64 8 1 8 -1 -1 -1 -1 -1 1 8 -1 -1 -1 -1 -1 -1 200 0 0 0 0 0 0 0 0 0 40 3267 47	v1.0-uslims3_Aalto-70
1 16 876 0 0 0 0 0 0 0 0 0 319 0 0 0 0 0 0 0 0 0 27 -1 -1 -1 -1 -1 -1 -1 -1 -1 -1 64 4 1 8 -1 -1 -1 1 1 1 0 -1 -1 -1 -1 -1 -1 -1 -1 -1 1 0 -1 64 8 1 8 -1 -1 -1 -1 -1 1 8 -1 -1 -1 -1 -1 -1 200 0 0 0 0 0 0 0 0 0 41 3300 47	v1.0-uslims3_Aalto-71
1 16 868 0 0 0 0 0 0 0 0 0 319 0 0 0 0 0 0 0 0 0 27 -1 -1 -1 -1 -1 -1 -1 -1 -1 -1 64 4 1 8 -1 -1 -1 1 1 1 0 -1 -1 -1 -1 -1 -1 -1 -1 -1 1 0 -1 64 8 1 8 -1 -1 -1 -1 -1 1 8 -1 -1 -1 -1 -1 -1 200 0 0 0 0 0 0 0 0 0 37 3209 43	v1.0-uslims3_Aalto-72
1 16 873 0 0 0 0 0 0 0 0 0 319 0 0 0 0 0 0 0 0 0 27 -1 -1 -1 -1 -1 -1 -1 -1 -1 -1 64 4 1 8 -1 -1 -1 1 1 1 0 -1 -1 -1 -1 -1 -1 -1 -1 -1 1 0 -1 64 8 1 8 -1 -1 -1 -1 -1 1 8 -1 -1 -1 -1 -1 -1 200 0 0 0 0 0 0 0 0 0 42 3392 47	v1.0-uslims3_Aalto-73
1 16 884 0 0 0 0 0 0 0 0 0 319 0 0 0 0 0 0 0 0 0 27 -1 -1 -1 -1 -1 -1 -1 -1 -1 -1 64 4 1 8 -1 -1 -1 1 1 1 0 -1 -1 -1 -1 -1 -1 -1 -1 -1 1 0 -1 64 8 1 8 -1 -1 -1 -1 -1 1 8 -1 -1 -1 -1 -1 -1 200 0 0 0 0 0 0 0 0 0 41 3287 45	v1.0-uslims3_Aalto-74
1 16 861 0 0 0 0 0 0 0 0 0 319 0 0 0 0 0 0 0 0 0 27 -1 -1 -1 -1 -1 -1 -1 -1 -1 -1 64 4 1 8 -1 -1 -1 1 1 1 0 -1 -1 -1 -1 -1 -1 -1 -1 -1 1 0 -1 64 8 1 8 -1 -1 -1 -1 -1 1 8 -1 -1 -1 -1 -1 -1 200 0 0 0 0 0 0 0 0 0 37 3199 42	v1.0-uslims3_Aalto-75
1 16 878 0 0 0 0 0 0 0 0 0 319 0 0 0 0 0 0 0 0 0 27 -1 -1 -1 -1 -1 -1 -1 -1 -1 -1 64 4 1 8 -1 -1 -1 1 1 1 0 -1 -1 -1 -1 -1 -1 -1 -1 -1 1 0 -1 64 8 1 8 -1 -1 -1 -1 -1 1 8 -1 -1 -1 -1 -1 -1 200 0 0 0 0 0 0 0 0 0 40 3270 43	v1.0-uslims3_Aalto-76
1 16 882 0 0 0 0 0 0 0 0 0 319 0 0 0 0 0 0 0 0 0 27 -1 -1 -1 -1 -1 -1 -1 -1 -1 -1 64 4 1 8 -1 -1 -1 1 1 10 0.03 -1 -1 -1 -1 -1 -1 -1 -1 -1 1 1 -1 64 8 1 8 -1 -1 -1 -1 -1 1 8 -1 -1 -1 -1 -1 -1 200 0 0 0 0 0 0 0 0 0 384 3575 390	v1.0-uslims3_Aalto-77
1 16 876 0 0 0 0 0 0 0 0 0 319 0 0 0 0 0 0 0 0 0 27 -1 -1 -1 -1 -1 -1 -1 -1 -1 -1 64 4 1 8 -1 -1 -1 1 1 10 0.03 -1 -1 -1 -1 -1 -1 -1 -1 -1 1 1 -1 64 8 1 8 -1 -1 -1 -1 -1 1 8 -1 -1 -1 -1 -1 -1 200 0 0 0 0 0 0 0 0 0 387 3710 391	v1.0-uslims3_Aalto-78
1 16 868 0 0 0 0 0 0 0 0 0 319 0 0 0 0 0 0 0 0 0 27 -1 -1 -1 -1 -1 -1 -1 -1 -1 -1 64 4 1 8 -1 -1 -1 1 1 10 0.03 -1 -1 -1 -1 -1 -1 -1 -1 -1 1 1 -1 64 8 1 8 -1 -1 -1 -1 -1 1 8 -1 -1 -1 -1 -1 -1 200 0 0 0 0 0 0 0 0 0 371 3573 376	v1.0-uslims3_Aalto-79
1 16 873 0 0 0 0 0 0 0 0 0 319 0 0 0 0 0 0 0 0 0 27 -1 -1 -1 -1 -1 -1 -1 -1 -1 -1 64 4 1 8 -1 -1 -1 1 1 10 0.03 -1 -1 -1 -1 -1 -1 -1 -1 -1 1 1 -1 64 8 1 8 -1 -1 -1 -1 -1 1 8 -1 -1 -1 -1 -1 -1 200 0 0 0 0 0 0 0 0 0 398 3930 402	v1.0-uslims3_Aalto-80
1 16 884 0 0 0 0 0 0 0 0 0 319 0 0 0 0 0 0 0 0 0 27 -1 -1 -1 -1 -1 -1 -1 -1 -1 -1 64 4 1 8 -1 -1 -1 1 1 10 0.03 -1 -1 -1 -1 -1 -1 -1 -1 -1 1 1 -1 64 8 1 8 -1 -1 -1 -1 -1 1 8 -1 -1 -1 -1 -1 -1 200 0 0 0 0 0 0 0 0 0 386 3997 392	v1.0-uslims3_Aalto-81
1 16 861 0 0 0 0 0 0 0 0 0 319 0 0 0 0 0 0 0 0 0 27 -1 -1 -1 -1 -1 -1 -1 -1 -1 -1 64 4 1 8 -1 -1 -1 1 1 10 0.03 -1 -1 -1 -1 -1 -1 -1 -1 -1 1 1 -1 64 8 1 8 -1 -1 -1 -1 -1 1 8 -1 -1 -1 -1 -1 -1 200 0 0 0 0 0 0 0 0 0 368 3856 373	v1.0-uslims3_Aalto-82
1 16 878 0 0 0 0 0 0 0 0 0 319 0 0 0 0 0 0 0 0 0 27 -1 -1 -1 -1 -1 -1 -1 -1 -1 -1 64 4 1 8 -1 -1 -1 1 1 10 0.03 -1 -1 -1 -1 -1 -1 -1 -1 -1 1 1 -1 64 8 1 8 -1 -1 -1 -1 -1 1 8 -1 -1 -1 -1 -1 -1 200 0 0 0 0 0 0 0 0 0 388 4046 392	v1.0-uslims3_Aalto-83
1 16 882 0 0 0 0 0 0 0 0 0 319 0 0 0 0 0 0 0 0 0 27 -1 -1 -1 -1 -1 -1 -1 -1 -1 -1 64 4 1 8 -1 -1 -1 10 1 1 0 -1 -1 -1 -1 -1 -1 -1 -1 -1 1 1 -1 64 8 1 8 -1 -1 -1 -1 -1 1 8 -1 -1 -1 -1 -1 -1 200 0 0 0 0 0 0 0 0 0 230 3913 234	v1.0-uslims3_Aalto-84
1 16 876 0 0 0 0 0 0 0 0 0 319 0 0 0 0 0 0 0 0 0 27 -1 -1 -1 -1 -1 -1 -1 -1 -1 -1 64 4 1 8 -1 -1 -1 10 1 1 0 -1 -1 -1 -1 -1 -1 -1 -1 -1 1 1 -1 64 8 1 8 -1 -1 -1 -1 -1 1 8 -1 -1 -1 -1 -1 -1 200 0 0 0 0 0 0 0 0 0 272 4011 277	v1.0-uslims3_Aalto-85
1 16 868 0 0 0 0 0 0 0 0 0 319 0 0 0 0 0 0 0 0 0 27 -1 -1 -1 -1 -1 -1 -1 -1 -1 -1 64 4 1 8 -1 -1 -1 10 1 1 0 -1 -1 -1 -1 -1 -1 -1 -1 -1 1 1 -1 64 8 1 8 -1 -1 -1 -1 -1 1 8 -1 -1 -1 -1 -1 -1 200 0 0 0 0 0 0 0 0 0 117 3586 121	v1.0-uslims3_Aalto-86
1 16 873 0 0 0 0 0 0 0 0 0 319 0 0 0 0 0 0 0 0 0 27 -1 -1 -1 -1 -1 -1 -1 -1 -1 -1 64 4 1 8 -1 -1 -1 10 1 1 0 -1 -1 -1 -1 -1 -1 -1 -1 -1 1 1 -1 64 8 1 8 -1 -1 -1 -1 -1 1 8 -1 -1 -1 -1 -1 -1 200 0 0 0 0 0 0 0 0 0 292 4203 299	v1.0-uslims3_Aalto-87
1 16 884 0 0 0 0 0 0 0 0 0 319 0 0 0 0 0 0 0 0 0 27 -1 -1 -1 -1 -1 -1 -1 -1 -1 -1 64 4 1 8 -1 -1 -1 10 1 1 0 -1 -1 -1 -1 -1 -1 -1 -1 -1 1 1 -1 64 8 1 8 -1 -1 -1 -1 -1 1 8 -1 -1 -1 -1 -1 -1 200 0 0 0 0 0 0 0 0 0 328 3920 334	v1.0-uslims3_Aalto-88
1 16 861 0 0 0 0 0 0 0 0 0 319 0 0 0 0 0 0 0 0 0 27 -1 -1 -1 -1 -1 -1 -1 -1 -1 -1 64 4 1 8 -1 -1 -1 10 1 1 0 -1 -1 -1 -1 -1 -1 -1 -1 -1 1 1 -1 64 8 1 8 -1 -1 -1 -1 -1 1 8 -1 -1 -1 -1 -1 -1 200 0 0 0 0 0 0 0 0 0 210 3747 213	v1.0-uslims3_Aalto-89
1 16 878 0 0 0 0 0 0 0 0 0 319 0 0 0 0 0 0 0 0 0 27 -1 -1 -1 -1 -1 -1 -1 -1 -1 -1 64 4 1 8 -1 -1 -1 10 1 1 0 -1 -1 -1 -1 -1 -1 -1 -1 -1 1 1 -1 64 8 1 8 -1 -1 -1 -1 -1 1 8 -1 -1 -1 -1 -1 -1 200 0 0 0 0 0 0 0 0 0 259 3919 264	v1.0-uslims3_Aalto-90
3 16 882 0 0 0 0 0 0 0 0 0 319 0 0 0 0 0 0 0 0 0 27 vbar 0 s ff0 1.0E-5 50 -1 -1 1 2 -1 -1 -1 -1 100 -1 100 -1 1 -1 -1 3 0 50 20 20 20 4 200 0.05 1 -1 100 -1 -1 -1 -1 0 -1 -1 -1 -1 -1 -1 -1 -1 -1 -1 -1 -1 200 0 0 0 0 0 0 0 0 0 4169 876 4172	v1.0-uslims3_Aalto-91
3 16 876 0 0 0 0 0 0 0 0 0 319 0 0 0 0 0 0 0 0 0 27 vbar 0 s ff0 1.0E-5 50 -1 -1 1 2 -1 -1 -1 -1 100 -1 100 -1 1 -1 -1 3 0 50 20 20 20 4 200 0.05 1 -1 100 -1 -1 -1 -1 0 -1 -1 -1 -1 -1 -1 -1 -1 -1 -1 -1 -1 200 0 0 0 0 0 0 0 0 0 2573 945 2577	v1.0-uslims3_Aalto-92
3 16 868 0 0 0 0 0 0 0 0 0 319 0 0 0 0 0 0 0 0 0 27 vbar 0 s ff0 1.0E-5 50 -1 -1 1 2 -1 -1 -1 -1 100 -1 100 -1 1 -1 -1 3 0 50 20 20 20 4 200 0.05 1 -1 100 -1 -1 -1 -1 0 -1 -1 -1 -1 -1 -1 -1 -1 -1 -1 -1 -1 200 0 0 0 0 0 0 0 0 0 640 678 645	v1.0-uslims3_Aalto-93
3 16 873 0 0 0 0 0 0 0 0 0 319 0 0 0 0 0 0 0 0 0 27 vbar 0 s ff0 1.0E-5 50 -1 -1 1 2 -1 -1 -1 -1 100 -1 100 -1 1 -1 -1 3 0 50 20 20 20 4 200 0.05 1 -1 100 -1 -1 -1 -1 0 -1 -1 -1 -1 -1 -1 -1 -1 -1 -1 -1 -1 200 0 0 0 0 0 0 0 0 0 3296 1360 3300	v1.0-uslims3_Aalto-94
3 16 884 0 0 0 0 0 0 0 0 0 319 0 0 0 0 0 0 0 0 0 27 vbar 0 s ff0 1.0E-5 50 -1 -1 1 2 -1 -1 -1 -1 100 -1 100 -1 1 -1 -1 3 0 50 20 20 20 4 200 0.05 1 -1 100 -1 -1 -1 -1 0 -1 -1 -1 -1 -1 -1 -1 -1 -1 -1 -1 -1 200 0 0 0 0 0 0 0 0 0 2187 807 2191	v1.0-uslims3_Aalto-95
3 16 861 0 0 0 0 0 0 0 0 0 319 0 0 0 0 0 0 0 0 0 27 vbar 0 s ff0 1.0E-5 50 -1 -1 1 2 -1 -1 -1 -1 100 -1 100 -1 1 -1 -1 3 0 50 20 20 20 4 200 0.05 1 -1 100 -1 -1 -1 -1 0 -1 -1 -1 -1 -1 -1 -1 -1 -1 -1 -1 -1 200 0 0 0 0 0 0 0 0 0 1742 743 1746	v1.0-uslims3_Aalto-96
3 16 878 0 0 0 0 0 0 0 0 0 319 0 0 0 0 0 0 0 0 0 27 vbar 0 s ff0 1.0E-5 50 -1 -1 1 2 -1 -1 -1 -1 100 -1 100 -1 1 -1 -1 3 0 50 20 20 20 4 200 0.05 1 -1 100 -1 -1 -1 -1 0 -1 -1 -1 -1 -1 -1 -1 -1 -1 -1 -1 -1 200 0 0 0 0 0 0 0 0 0 802 803 805	v1.0-uslims3_Aalto-97
1 16 887 0 0 0 0 0 0 0 0 0 250 0 0 0 0 0 0 0 0 0 27 -1 -1 -1 -1 -1 -1 -1 -1 -1 -1 64 4 1 8 -1 -1 -1 1 1 1 0 -1 -1 -1 -1 -1 -1 -1 -1 -1 1 0 -1 64 10 1 8 -1 -1 -1 -1 -1 1 8 -1 -1 -1 -1 -1 -1 200 0 0 0 0 0 0 0 0 0 35 2905 38	v1.0-uslims3_Aalto-98
1 16 882 0 0 0 0 0 0 0 0 0 250 0 0 0 0 0 0 0 0 0 27 -1 -1 -1 -1 -1 -1 -1 -1 -1 -1 64 4 1 8 -1 -1 -1 1 1 1 0 -1 -1 -1 -1 -1 -1 -1 -1 -1 1 0 -1 64 10 1 8 -1 -1 -1 -1 -1 1 8 -1 -1 -1 -1 -1 -1 200 0 0 0 0 0 0 0 0 0 22 2711 25	v1.0-uslims3_Aalto-99
1 16 843 0 0 0 0 0 0 0 0 0 250 0 0 0 0 0 0 0 0 0 27 -1 -1 -1 -1 -1 -1 -1 -1 -1 -1 64 4 1 8 -1 -1 -1 1 1 1 0 -1 -1 -1 -1 -1 -1 -1 -1 -1 1 0 -1 64 10 1 8 -1 -1 -1 -1 -1 1 8 -1 -1 -1 -1 -1 -1 200 0 0 0 0 0 0 0 0 0 24 2724 28	v1.0-uslims3_Aalto-100
1 16 872 0 0 0 0 0 0 0 0 0 250 0 0 0 0 0 0 0 0 0 27 -1 -1 -1 -1 -1 -1 -1 -1 -1 -1 64 4 1 8 -1 -1 -1 1 1 1 0 -1 -1 -1 -1 -1 -1 -1 -1 -1 1 0 -1 64 10 1 8 -1 -1 -1 -1 -1 1 8 -1 -1 -1 -1 -1 -1 200 0 0 0 0 0 0 0 0 0 18 2576 22	v1.0-uslims3_Aalto-101
1 16 871 0 0 0 0 0 0 0 0 0 299 0 0 0 0 0 0 0 0 0 27 -1 -1 -1 -1 -1 -1 -1 -1 -1 -1 64 4 1 8 -1 -1 -1 1 1 1 0 -1 -1 -1 -1 -1 -1 -1 -1 -1 1 0 -1 64 10 1 8 -1 -1 -1 -1 -1 1 8 -1 -1 -1 -1 -1 -1 200 0 0 0 0 0 0 0 0 0 26 3113 29	v1.0-uslims3_Aalto-102
1 16 861 0 0 0 0 0 0 0 0 0 299 0 0 0 0 0 0 0 0 0 27 -1 -1 -1 -1 -1 -1 -1 -1 -1 -1 64 4 1 8 -1 -1 -1 1 1 1 0 -1 -1 -1 -1 -1 -1 -1 -1 -1 1 0 -1 64 10 1 8 -1 -1 -1 -1 -1 1 8 -1 -1 -1 -1 -1 -1 200 0 0 0 0 0 0 0 0 0 21 3076 24	v1.0-uslims3_Aalto-103
1 16 887 0 0 0 0 0 0 0 0 0 250 0 0 0 0 0 0 0 0 0 27 -1 -1 -1 -1 -1 -1 -1 -1 -1 -1 64 4 1 8 -1 -1 -1 1 1 10 0.03 -1 -1 -1 -1 -1 -1 -1 -1 -1 1 1 -1 64 10 1 8 -1 -1 -1 -1 -1 1 8 -1 -1 -1 -1 -1 -1 200 0 0 0 0 0 0 0 0 0 316 3182 319	v1.0-uslims3_Aalto-104
1 16 882 0 0 0 0 0 0 0 0 0 250 0 0 0 0 0 0 0 0 0 27 -1 -1 -1 -1 -1 -1 -1 -1 -1 -1 64 4 1 8 -1 -1 -1 1 1 10 0.03 -1 -1 -1 -1 -1 -1 -1 -1 -1 1 1 -1 64 10 1 8 -1 -1 -1 -1 -1 1 8 -1 -1 -1 -1 -1 -1 200 0 0 0 0 0 0 0 0 0 210 3033 212	v1.0-uslims3_Aalto-105
1 16 843 0 0 0 0 0 0 0 0 0 250 0 0 0 0 0 0 0 0 0 27 -1 -1 -1 -1 -1 -1 -1 -1 -1 -1 64 4 1 8 -1 -1 -1 1 1 10 0.03 -1 -1 -1 -1 -1 -1 -1 -1 -1 1 1 -1 64 10 1 8 -1 -1 -1 -1 -1 1 8 -1 -1 -1 -1 -1 -1 200 0 0 0 0 0 0 0 0 0 194 2843 201	v1.0-uslims3_Aalto-106
1 16 872 0 0 0 0 0 0 0 0 0 250 0 0 0 0 0 0 0 0 0 27 -1 -1 -1 -1 -1 -1 -1 -1 -1 -1 64 4 1 8 -1 -1 -1 1 1 10 0.03 -1 -1 -1 -1 -1 -1 -1 -1 -1 1 1 -1 64 10 1 8 -1 -1 -1 -1 -1 1 8 -1 -1 -1 -1 -1 -1 200 0 0 0 0 0 0 0 0 0 178 2826 182	v1.0-uslims3_Aalto-107
1 16 871 0 0 0 0 0 0 0 0 0 299 0 0 0 0 0 0 0 0 0 27 -1 -1 -1 -1 -1 -1 -1 -1 -1 -1 64 4 1 8 -1 -1 -1 1 1 10 0.03 -1 -1 -1 -1 -1 -1 -1 -1 -1 1 1 -1 64 10 1 8 -1 -1 -1 -1 -1 1 8 -1 -1 -1 -1 -1 -1 200 0 0 0 0 0 0 0 0 0 242 3595 246	v1.0-uslims3_Aalto-108
1 16 861 0 0 0 0 0 0 0 0 0 299 0 0 0 0 0 0 0 0 0 27 -1 -1 -1 -1 -1 -1 -1 -1 -1 -1 64 4 1 8 -1 -1 -1 1 1 10 0.03 -1 -1 -1 -1 -1 -1 -1 -1 -1 1 1 -1 64 10 1 8 -1 -1 -1 -1 -1 1 8 -1 -1 -1 -1 -1 -1 200 0 0 0 0 0 0 0 0 0 208 3297 211	v1.0-uslims3_Aalto-109
1 16 887 0 0 0 0 0 0 0 0 0 250 0 0 0 0 0 0 0 0 0 27 -1 -1 -1 -1 -1 -1 -1 -1 -1 -1 64 4 1 8 -1 -1 -1 10 1 1 0 -1 -1 -1 -1 -1 -1 -1 -1 -1 1 1 -1 64 10 1 8 -1 -1 -1 -1 -1 1 8 -1 -1 -1 -1 -1 -1 200 0 0 0 0 0 0 0 0 0 269 3387 271	v1.0-uslims3_Aalto-110
1 16 882 0 0 0 0 0 0 0 0 0 250 0 0 0 0 0 0 0 0 0 27 -1 -1 -1 -1 -1 -1 -1 -1 -1 -1 64 4 1 8 -1 -1 -1 10 1 1 0 -1 -1 -1 -1 -1 -1 -1 -1 -1 1 1 -1 64 10 1 8 -1 -1 -1 -1 -1 1 8 -1 -1 -1 -1 -1 -1 200 0 0 0 0 0 0 0 0 0 222 3358 225	v1.0-uslims3_Aalto-111
1 16 843 0 0 0 0 0 0 0 0 0 250 0 0 0 0 0 0 0 0 0 27 -1 -1 -1 -1 -1 -1 -1 -1 -1 -1 64 4 1 8 -1 -1 -1 10 1 1 0 -1 -1 -1 -1 -1 -1 -1 -1 -1 1 1 -1 64 10 1 8 -1 -1 -1 -1 -1 1 8 -1 -1 -1 -1 -1 -1 200 0 0 0 0 0 0 0 0 0 137 3332 139	v1.0-uslims3_Aalto-112
1 16 872 0 0 0 0 0 0 0 0 0 250 0 0 0 0 0 0 0 0 0 27 -1 -1 -1 -1 -1 -1 -1 -1 -1 -1 64 4 1 8 -1 -1 -1 10 1 1 0 -1 -1 -1 -1 -1 -1 -1 -1 -1 1 1 -1 64 10 1 8 -1 -1 -1 -1 -1 1 8 -1 -1 -1 -1 -1 -1 200 0 0 0 0 0 0 0 0 0 122 3073 125	v1.0-uslims3_Aalto-113
1 16 871 0 0 0 0 0 0 0 0 0 299 0 0 0 0 0 0 0 0 0 27 -1 -1 -1 -1 -1 -1 -1 -1 -1 -1 64 4 1 8 -1 -1 -1 10 1 1 0 -1 -1 -1 -1 -1 -1 -1 -1 -1 1 1 -1 64 10 1 8 -1 -1 -1 -1 -1 1 8 -1 -1 -1 -1 -1 -1 200 0 0 0 0 0 0 0 0 0 142 3568 144	v1.0-uslims3_Aalto-114
1 16 861 0 0 0 0 0 0 0 0 0 299 0 0 0 0 0 0 0 0 0 27 -1 -1 -1 -1 -1 -1 -1 -1 -1 -1 64 4 1 8 -1 -1 -1 10 1 1 0 -1 -1 -1 -1 -1 -1 -1 -1 -1 1 1 -1 64 10 1 8 -1 -1 -1 -1 -1 1 8 -1 -1 -1 -1 -1 -1 200 0 0 0 0 0 0 0 0 0 116 3591 118	v1.0-uslims3_Aalto-115
3 16 887 0 0 0 0 0 0 0 0 0 250 0 0 0 0 0 0 0 0 0 27 vbar 0 s ff0 1.0E-5 50 -1 -1 1 2 -1 -1 -1 -1 100 -1 100 -1 1 -1 -1 3 0 50 20 20 20 4 200 0.05 1 -1 100 -1 -1 -1 -1 0 -1 -1 -1 -1 -1 -1 -1 -1 -1 -1 -1 -1 200 0 0 0 0 0 0 0 0 0 51925 5407 51930	v1.0-uslims3_Aalto-116
3 16 882 0 0 0 0 0 0 0 0 0 250 0 0 0 0 0 0 0 0 0 27 vbar 0 s ff0 1.0E-5 50 -1 -1 1 2 -1 -1 -1 -1 100 -1 100 -1 1 -1 -1 3 0 50 20 20 20 4 200 0.05 1 -1 100 -1 -1 -1 -1 0 -1 -1 -1 -1 -1 -1 -1 -1 -1 -1 -1 -1 200 0 0 0 0 0 0 0 0 0 22190 2212 22199	v1.0-uslims3_Aalto-117
3 16 843 0 0 0 0 0 0 0 0 0 250 0 0 0 0 0 0 0 0 0 27 vbar 0 s ff0 1.0E-5 50 -1 -1 1 2 -1 -1 -1 -1 100 -1 100 -1 1 -1 -1 3 0 50 20 20 20 4 200 0.05 1 -1 100 -1 -1 -1 -1 0 -1 -1 -1 -1 -1 -1 -1 -1 -1 -1 -1 -1 200 0 0 0 0 0 0 0 0 0 4312 1099 4315	v1.0-uslims3_Aalto-118
3 16 872 0 0 0 0 0 0 0 0 0 250 0 0 0 0 0 0 0 0 0 27 vbar 0 s ff0 1.0E-5 50 -1 -1 1 2 -1 -1 -1 -1 100 -1 100 -1 1 -1 -1 3 0 50 20 20 20 4 200 0.05 1 -1 100 -1 -1 -1 -1 0 -1 -1 -1 -1 -1 -1 -1 -1 -1 -1 -1 -1 200 0 0 0 0 0 0 0 0 0 2611 863 2614	v1.0-uslims3_Aalto-119
3 16 871 0 0 0 0 0 0 0 0 0 299 0 0 0 0 0 0 0 0 0 27 vbar 0 s ff0 1.0E-5 50 -1 -1 1 2 -1 -1 -1 -1 100 -1 100 -1 1 -1 -1 3 0 50 20 20 20 4 200 0.05 1 -1 100 -1 -1 -1 -1 0 -1 -1 -1 -1 -1 -1 -1 -1 -1 -1 -1 -1 200 0 0 0 0 0 0 0 0 0 2043 900 2045	v1.0-uslims3_Aalto-120
3 16 861 0 0 0 0 0 0 0 0 0 299 0 0 0 0 0 0 0 0 0 27 vbar 0 s ff0 1.0E-5 50 -1 -1 1 2 -1 -1 -1 -1 100 -1 100 -1 1 -1 -1 3 0 50 20 20 20 4 200 0.05 1 -1 100 -1 -1 -1 -1 0 -1 -1 -1 -1 -1 -1 -1 -1 -1 -1 -1 -1 200 0 0 0 0 0 0 0 0 0 3804 856 3806	v1.0-uslims3_Aalto-121
1 16 887 0 0 0 0 0 0 0 0 0 250 0 0 0 0 0 0 0 0 0 27 -1 -1 -1 -1 -1 -1 -1 -1 -1 -1 64 4 1 8 -1 -1 -1 1 80 1 0 -1 -1 -1 -1 -1 -1 -1 -1 -1 1 0 -1 64 10 1 8 -1 -1 -1 -1 -1 0 8 -1 -1 -1 -1 -1 -1 200 0 0 0 0 0 0 0 0 0 3192 3646 3196	v1.0-uslims3_Aalto-122
1 16 882 0 0 0 0 0 0 0 0 0 250 0 0 0 0 0 0 0 0 0 27 -1 -1 -1 -1 -1 -1 -1 -1 -1 -1 64 4 1 8 -1 -1 -1 1 80 1 0 -1 -1 -1 -1 -1 -1 -1 -1 -1 1 0 -1 64 10 1 8 -1 -1 -1 -1 -1 0 8 -1 -1 -1 -1 -1 -1 200 0 0 0 0 0 0 0 0 0 1584 3406 1737	v1.0-uslims3_Aalto-123
1 16 843 0 0 0 0 0 0 0 0 0 250 0 0 0 0 0 0 0 0 0 27 -1 -1 -1 -1 -1 -1 -1 -1 -1 -1 64 4 1 8 -1 -1 -1 1 80 1 0 -1 -1 -1 -1 -1 -1 -1 -1 -1 1 0 -1 64 10 1 8 -1 -1 -1 -1 -1 0 8 -1 -1 -1 -1 -1 -1 200 0 0 0 0 0 0 0 0 0 1734 3528 1739	v1.0-uslims3_Aalto-124
1 16 872 0 0 0 0 0 0 0 0 0 250 0 0 0 0 0 0 0 0 0 27 -1 -1 -1 -1 -1 -1 -1 -1 -1 -1 64 4 1 8 -1 -1 -1 1 80 1 0 -1 -1 -1 -1 -1 -1 -1 -1 -1 1 0 -1 64 10 1 8 -1 -1 -1 -1 -1 0 8 -1 -1 -1 -1 -1 -1 200 0 0 0 0 0 0 0 0 0 1369 3473 1373	v1.0-uslims3_Aalto-125
1 16 871 0 0 0 0 0 0 0 0 0 299 0 0 0 0 0 0 0 0 0 27 -1 -1 -1 -1 -1 -1 -1 -1 -1 -1 64 4 1 8 -1 -1 -1 1 80 1 0 -1 -1 -1 -1 -1 -1 -1 -1 -1 1 0 -1 64 10 1 8 -1 -1 -1 -1 -1 0 8 -1 -1 -1 -1 -1 -1 200 0 0 0 0 0 0 0 0 0 1923 3978 1931	v1.0-uslims3_Aalto-126
1 16 861 0 0 0 0 0 0 0 0 0 299 0 0 0 0 0 0 0 0 0 27 -1 -1 -1 -1 -1 -1 -1 -1 -1 -1 64 4 1 8 -1 -1 -1 1 80 1 0 -1 -1 -1 -1 -1 -1 -1 -1 -1 1 0 -1 64 10 1 8 -1 -1 -1 -1 -1 0 8 -1 -1 -1 -1 -1 -1 200 0 0 0 0 0 0 0 0 0 1726 4060 1732	v1.0-uslims3_Aalto-127
